{
  "count": 87,
  "next": "https://swapi.co/api/people/?page=2",
  "previous": null,
  "results": [
    {
      "name": "Luke Skywalker",
      "height": "172",
      "mass": "77",
      "hair_color": "blond",
      "skin_color": "fair",
      "eye_color": "blue",
      "birth_year": "19BBY",
      "gender": "male",
      "homeworld": "https://swapi.co/api/planets/1/",
      "films": [
        "https://swapi.co/api/films/2/",
        "https://swapi.co/api/films/6/",
        "https://swapi.co/api/films/3/",
        "https://swapi.co/api/films/1/",
        "https://swapi.co/api/films/7/"
      ],
      "species": [
        "https://swapi.co/api/species/1/"
      ],
      "vehicles": [
        "https://swapi.co/api/vehicles/14/",
        "https://swapi.co/api/vehicles/30/"
      ],
      "starships": [
        "https://swapi.co/api/starships/12/",
        "https://swapi.co/api/starships/22/"
      ],
      "created": "2014-12-09T13:50:51.644000Z",
      "edited": "2014-12-20T21:17:56.891000Z",
      "url": "https://swapi.co/api/people/1/"
    },
    {
      "name": "C-3PO",
      "height": "167",
      "mass": "75",
      "hair_color": "n/a",
      "skin_color": "gold",
      "eye_color": "yellow",
      "birth_year": "112BBY",
      "gender": "n/a",
      "homeworld": "https://swapi.co/api/planets/1/",
      "films": [
        "https://swapi.co/api/films/2/",
        "https://swapi.co/api/films/5/",
        "https://swapi.co/api/films/4/",
        "https://swapi.co/api/films/6/",
        "https://swapi.co/api/films/3/",
        "https://swapi.co/api/films/1/"
      ],
      "species": [
        "https://swapi.co/api/species/2/"
      ],
      "vehicles": [],
      "starships": [],
      "created": "2014-12-10T15:10:51.357000Z",
      "edited": "2014-12-20T21:17:50.309000Z",
      "url": "https://swapi.co/api/people/2/"
    },
    {
      "name": "R2-D2",
      "height": "96",
      "mass": "32",
      "hair_color": "n/a",
      "skin_color": "white, blue",
      "eye_color": "red",
      "birth_year": "33BBY",
      "gender": "n/a",
      "homeworld": "https://swapi.co/api/planets/8/",
      "films": [
        "https://swapi.co/api/films/2/",
        "https://swapi.co/api/films/5/",
        "https://swapi.co/api/films/4/",
        "https://swapi.co/api/films/6/",
        "https://swapi.co/api/films/3/",
        "https://swapi.co/api/films/1/",
        "https://swapi.co/api/films/7/"
      ],
      "species": [
        "https://swapi.co/api/species/2/"
      ],
      "vehicles": [],
      "starships": [],
      "created": "2014-12-10T15:11:50.376000Z",
      "edited": "2014-12-20T21:17:50.311000Z",
      "url": "https://swapi.co/api/people/3/"
    },
    {
      "name": "Darth Vader",
      "height": "202",
      "mass": "136",
      "hair_color": "none",
      "skin_color": "white",
      "eye_color": "yellow",
      "birth_year": "41.9BBY",
      "gender": "male",
      "homeworld": "https://swapi.co/api/planets/1/",
      "films": [
        "https://swapi.co/api/films/2/",
        "https://swapi.co/api/films/6/",
        "https://swapi.co/api/films/3/",
        "https://swapi.co/api/films/1/"
      ],
      "species": [
        "https://swapi.co/api/species/1/"
      ],
      "vehicles": [],
      "starships": [
        "https://swapi.co/api/starships/13/"
      ],
      "created": "2014-12-10T15:18:20.704000Z",
      "edited": "2014-12-20T21:17:50.313000Z",
      "url": "https://swapi.co/api/people/4/"
    },
    {
      "name": "Leia Organa",
      "height": "150",
      "mass": "49",
      "hair_color": "brown",
      "skin_color": "light",
      "eye_color": "brown",
      "birth_year": "19BBY",
      "gender": "female",
      "homeworld": "https://swapi.co/api/planets/2/",
      "films": [
        "https://swapi.co/api/films/2/",
        "https://swapi.co/api/films/6/",
        "https://swapi.co/api/films/3/",
        "https://swapi.co/api/films/1/",
        "https://swapi.co/api/films/7/"
      ],
      "species": [
        "https://swapi.co/api/species/1/"
      ],
      "vehicles": [
        "https://swapi.co/api/vehicles/30/"
      ],
      "starships": [],
      "created": "2014-12-10T15:20:09.791000Z",
      "edited": "2014-12-20T21:17:50.315000Z",
      "url": "https://swapi.co/api/people/5/"
    },
    {
      "name": "Obi-Wan Kenobi",
      "height": "182",
      "mass": "77",
      "hair_color": "auburn, white",
      "skin_color": "fair",
      "eye_color": "blue-gray",
      "birth_year": "57BBY",
      "gender": "male",
      "homeworld": "https://swapi.co/api/planets/20/",
      "films": [
        "https://swapi.co/api/films/2/",
        "https://swapi.co/api/films/5/",
        "https://swapi.co/api/films/4/",
        "https://swapi.co/api/films/6/",
        "https://swapi.co/api/films/3/",
        "https://swapi.co/api/films/1/"
      ],
      "species": [
        "https://swapi.co/api/species/1/"
      ],
      "vehicles": [
        "https://swapi.co/api/vehicles/38/"
      ],
      "starships": [
        "https://swapi.co/api/starships/48/",
        "https://swapi.co/api/starships/59/",
        "https://swapi.co/api/starships/64/",
        "https://swapi.co/api/starships/65/",
        "https://swapi.co/api/starships/74/"
      ],
      "created": "2014-12-10T16:16:29.192000Z",
      "edited": "2014-12-20T21:17:50.325000Z",
      "url": "https://swapi.co/api/people/10/"
    },
    {
      "name": "Anakin Skywalker",
      "height": "188",
      "mass": "84",
      "hair_color": "blond",
      "skin_color": "fair",
      "eye_color": "blue",
      "birth_year": "41.9BBY",
      "gender": "male",
      "homeworld": "https://swapi.co/api/planets/1/",
      "films": [
        "https://swapi.co/api/films/5/",
        "https://swapi.co/api/films/4/",
        "https://swapi.co/api/films/6/"
      ],
      "species": [
        "https://swapi.co/api/species/1/"
      ],
      "vehicles": [
        "https://swapi.co/api/vehicles/44/",
        "https://swapi.co/api/vehicles/46/"
      ],
      "starships": [
        "https://swapi.co/api/starships/59/",
        "https://swapi.co/api/starships/65/",
        "https://swapi.co/api/starships/39/"
      ],
      "created": "2014-12-10T16:20:44.310000Z",
      "edited": "2014-12-20T21:17:50.327000Z",
      "url": "https://swapi.co/api/people/11/"
    },
    {
      "name": "Chewbacca",
      "height": "228",
      "mass": "112",
      "hair_color": "brown",
      "skin_color": "unknown",
      "eye_color": "blue",
      "birth_year": "200BBY",
      "gender": "male",
      "homeworld": "https://swapi.co/api/planets/14/",
      "films": [
        "https://swapi.co/api/films/2/",
        "https://swapi.co/api/films/6/",
        "https://swapi.co/api/films/3/",
        "https://swapi.co/api/films/1/",
        "https://swapi.co/api/films/7/"
      ],
      "species": [
        "https://swapi.co/api/species/3/"
      ],
      "vehicles": [
        "https://swapi.co/api/vehicles/19/"
      ],
      "starships": [
        "https://swapi.co/api/starships/10/",
        "https://swapi.co/api/starships/22/"
      ],
      "created": "2014-12-10T16:42:45.066000Z",
      "edited": "2014-12-20T21:17:50.332000Z",
      "url": "https://swapi.co/api/people/13/"
    },
    {
      "name": "Han Solo",
      "height": "180",
      "mass": "80",
      "hair_color": "brown",
      "skin_color": "fair",
      "eye_color": "brown",
      "birth_year": "29BBY",
      "gender": "male",
      "homeworld": "https://swapi.co/api/planets/22/",
      "films": [
        "https://swapi.co/api/films/2/",
        "https://swapi.co/api/films/3/",
        "https://swapi.co/api/films/1/",
        "https://swapi.co/api/films/7/"
      ],
      "species": [
        "https://swapi.co/api/species/1/"
      ],
      "vehicles": [],
      "starships": [
        "https://swapi.co/api/starships/10/",
        "https://swapi.co/api/starships/22/"
      ],
      "created": "2014-12-10T16:49:14.582000Z",
      "edited": "2014-12-20T21:17:50.334000Z",
      "url": "https://swapi.co/api/people/14/"
    },
    {
      "name": "Yoda",
      "height": "66",
      "mass": "17",
      "hair_color": "white",
      "skin_color": "green",
      "eye_color": "brown",
      "birth_year": "896BBY",
      "gender": "male",
      "homeworld": "https://swapi.co/api/planets/28/",
      "films": [
        "https://swapi.co/api/films/2/",
        "https://swapi.co/api/films/5/",
        "https://swapi.co/api/films/4/",
        "https://swapi.co/api/films/6/",
        "https://swapi.co/api/films/3/"
      ],
      "species": [
        "https://swapi.co/api/species/6/"
      ],
      "vehicles": [],
      "starships": [],
      "created": "2014-12-15T12:26:01.042000Z",
      "edited": "2014-12-20T21:17:50.345000Z",
      "url": "https://swapi.co/api/people/20/"
    },
    {
      "name": "Palpatine",
      "height": "170",
      "mass": "75",
      "hair_color": "grey",
      "skin_color": "pale",
      "eye_color": "yellow",
      "birth_year": "82BBY",
      "gender": "male",
      "homeworld": "https://swapi.co/api/planets/8/",
      "films": [
        "https://swapi.co/api/films/2/",
        "https://swapi.co/api/films/5/",
        "https://swapi.co/api/films/4/",
        "https://swapi.co/api/films/6/",
        "https://swapi.co/api/films/3/"
      ],
      "species": [
        "https://swapi.co/api/species/1/"
      ],
      "vehicles": [],
      "starships": [],
      "created": "2014-12-15T12:48:05.971000Z",
      "edited": "2014-12-20T21:17:50.347000Z",
      "url": "https://swapi.co/api/people/21/"
    },
    {
      "name": "Boba Fett",
      "height": "183",
      "mass": "78.2",
      "hair_color": "black",
      "skin_color": "fair",
      "eye_color": "brown",
      "birth_year": "31.5BBY",
      "gender": "male",
      "homeworld": "https://swapi.co/api/planets/10/",
      "films": [
        "https://swapi.co/api/films/2/",
        "https://swapi.co/api/films/5/",
        "https://swapi.co/api/films/3/"
      ],
      "species": [
        "https://swapi.co/api/species/1/"
      ],
      "vehicles": [],
      "starships": [
        "https://swapi.co/api/starships/21/"
      ],
      "created": "2014-12-15T12:49:32.457000Z",
      "edited": "2014-12-20T21:17:50.349000Z",
      "url": "https://swapi.co/api/people/22/"
    },
    {
      "name": "Lando Calrissian",
      "height": "177",
      "mass": "79",
      "hair_color": "black",
      "skin_color": "dark",
      "eye_color": "brown",
      "birth_year": "31BBY",
      "gender": "male",
      "homeworld": "https://swapi.co/api/planets/30/",
      "films": [
        "https://swapi.co/api/films/2/",
        "https://swapi.co/api/films/3/"
      ],
      "species": [
        "https://swapi.co/api/species/1/"
      ],
      "vehicles": [],
      "starships": [
        "https://swapi.co/api/starships/10/"
      ],
      "created": "2014-12-15T12:56:32.683000Z",
      "edited": "2014-12-20T21:17:50.357000Z",
      "url": "https://swapi.co/api/people/25/"
    },
    {
      "name": "Qui-Gon Jinn",
      "height": "193",
      "mass": "89",
      "hair_color": "brown",
      "skin_color": "fair",
      "eye_color": "blue",
      "birth_year": "92BBY",
      "gender": "male",
      "homeworld": "https://swapi.co/api/planets/28/",
      "films": [
        "https://swapi.co/api/films/4/"
      ],
      "species": [
        "https://swapi.co/api/species/1/"
      ],
      "vehicles": [
        "https://swapi.co/api/vehicles/38/"
      ],
      "starships": [],
      "created": "2014-12-19T16:54:53.618000Z",
      "edited": "2014-12-20T21:17:50.375000Z",
      "url": "https://swapi.co/api/people/32/"
    },
    {
      "name": "Jar Jar Binks",
      "height": "196",
      "mass": "66",
      "hair_color": "none",
      "skin_color": "orange",
      "eye_color": "orange",
      "birth_year": "52BBY",
      "gender": "male",
      "homeworld": "https://swapi.co/api/planets/8/",
      "films": [
        "https://swapi.co/api/films/5/",
        "https://swapi.co/api/films/4/"
      ],
      "species": [
        "https://swapi.co/api/species/12/"
      ],
      "vehicles": [],
      "starships": [],
      "created": "2014-12-19T17:29:32.489000Z",
      "edited": "2014-12-20T21:17:50.383000Z",
      "url": "https://swapi.co/api/people/36/"
    },
    {
      "name": "Darth Maul",
      "height": "175",
      "mass": "80",
      "hair_color": "none",
      "skin_color": "red",
      "eye_color": "yellow",
      "birth_year": "54BBY",
      "gender": "male",
      "homeworld": "https://swapi.co/api/planets/36/",
      "films": [
        "https://swapi.co/api/films/4/"
      ],
      "species": [
        "https://swapi.co/api/species/22/"
      ],
      "vehicles": [
        "https://swapi.co/api/vehicles/42/"
      ],
      "starships": [
        "https://swapi.co/api/starships/41/"
      ],
      "created": "2014-12-19T18:00:41.929000Z",
      "edited": "2014-12-20T21:17:50.403000Z",
      "url": "https://swapi.co/api/people/44/"
    },
    {
      "name": "Mace Windu",
      "height": "188",
      "mass": "84",
      "hair_color": "none",
      "skin_color": "dark",
      "eye_color": "brown",
      "birth_year": "72BBY",
      "gender": "male",
      "homeworld": "https://swapi.co/api/planets/42/",
      "films": [
        "https://swapi.co/api/films/5/",
        "https://swapi.co/api/films/4/",
        "https://swapi.co/api/films/6/"
      ],
      "species": [
        "https://swapi.co/api/species/1/"
      ],
      "vehicles": [],
      "starships": [],
      "created": "2014-12-20T10:12:30.846000Z",
      "edited": "2014-12-20T21:17:50.420000Z",
      "url": "https://swapi.co/api/people/51/"
    }
  ]
}